{"cameraMode":{"drawMode":0,"name":"Shaded","section":"Shading Mode"},"sceneLighting":true,"audioPlay":false,"sceneViewState":{"m_AlwaysRefresh":false,"showFog":true,"showSkybox":true,"showFlares":true,"showImageEffects":true,"showParticleSystems":true,"showVisualEffectGraphs":true,"m_FxEnabled":true},"in2DMode":false,"pivot":{"x":0.27757126092910769,"y":-4.190671920776367,"z":6.950859069824219},"rotation":{"x":0.022184528410434724,"y":0.020091231912374498,"z":0.00042566360207274556,"w":-0.9995603561401367},"size":12.12435531616211,"orthographic":false}